{"time": 1.3589859008789062e-05, "reward_min": 0.0, "reward_ave": 0.0, "reward_max": 0.0, "count": 0, "nb_steps": 0, "test_reward_min": 66.92008723624998, "test_reward_ave": 76.63959796845118, "test_reward_max": 98.3438336794754}
{"time": 34.620421409606934, "reward_min": 48.4180975910521, "reward_ave": 80.38199222107772, "reward_max": 101.34575710916073, "count": 5, "nb_steps": 1000, "test_reward_min": 52.17388891314075, "test_reward_ave": 67.85845589523532, "test_reward_max": 113.51615511250678}
{"time": 155.41411542892456, "reward_min": 54.7053184845016, "reward_ave": 86.42018310865879, "reward_max": 110.8607678953648, "count": 5, "nb_steps": 2000, "test_reward_min": 69.92177872306428, "test_reward_ave": 85.54132306925139, "test_reward_max": 98.80440008097011}
{"time": 277.3301057815552, "reward_min": 67.05917319928982, "reward_ave": 81.29661953355885, "reward_max": 102.94945264887295, "count": 5, "nb_steps": 3000, "test_reward_min": 61.80667064577507, "test_reward_ave": 89.69533986917263, "test_reward_max": 126.24248480635599}
{"time": 399.75228571891785, "reward_min": 99.73560519056612, "reward_ave": 108.40159957724424, "reward_max": 119.94994184192834, "count": 5, "nb_steps": 4000, "test_reward_min": 101.39402420303611, "test_reward_ave": 109.5144816832491, "test_reward_max": 116.16186350535685}
{"time": 523.0445957183838, "reward_min": 92.33212197708242, "reward_ave": 116.5003730514024, "reward_max": 141.9092206462339, "count": 5, "nb_steps": 5000, "test_reward_min": 115.28789920633638, "test_reward_ave": 119.1687774571166, "test_reward_max": 127.11422243560288}
{"time": 647.3598849773407, "reward_min": 118.23065318895986, "reward_ave": 138.15174584150964, "reward_max": 157.6460621953892, "count": 5, "nb_steps": 6000, "test_reward_min": 97.91196064753014, "test_reward_ave": 136.77944630982864, "test_reward_max": 199.48664386038567}
{"time": 772.8294014930725, "reward_min": 141.90914675477728, "reward_ave": 153.65820512312604, "reward_max": 165.2179279875055, "count": 5, "nb_steps": 7000, "test_reward_min": 177.2433518371824, "test_reward_ave": 185.39414188346652, "test_reward_max": 189.07963788758528}
{"time": 898.3300049304962, "reward_min": 130.7253902322642, "reward_ave": 167.65825373913918, "reward_max": 188.34245287099523, "count": 5, "nb_steps": 8000, "test_reward_min": 167.40386096751985, "test_reward_ave": 181.81466078070156, "test_reward_max": 188.5558634638022}
{"time": 1024.2619581222534, "reward_min": 164.33510776252984, "reward_ave": 174.53755694184355, "reward_max": 187.88742393850686, "count": 5, "nb_steps": 9000, "test_reward_min": 162.5181444721059, "test_reward_ave": 185.61991942400482, "test_reward_max": 199.0823839967957}
{"time": 1149.120111465454, "reward_min": 144.6039375619519, "reward_ave": 170.75497014712818, "reward_max": 188.35442954406244, "count": 5, "nb_steps": 10000, "test_reward_min": 167.75316117062096, "test_reward_ave": 182.18703897568008, "test_reward_max": 188.3154291514856}
{"time": 1274.2408330440521, "reward_min": 165.66440156445134, "reward_ave": 181.48651039629766, "reward_max": 189.20403392757137, "count": 5, "nb_steps": 11000, "test_reward_min": 62.318801829929626, "test_reward_ave": 161.95661761214532, "test_reward_max": 188.56052714912246}
{"time": 1398.9037487506866, "reward_min": 154.2705360489701, "reward_ave": 177.22142241205285, "reward_max": 188.7340286511007, "count": 5, "nb_steps": 12000, "test_reward_min": 164.67750353459522, "test_reward_ave": 175.96900178462357, "test_reward_max": 188.38960231737778}
{"time": 1523.6891615390778, "reward_min": 165.36714051199726, "reward_ave": 179.68471774249366, "reward_max": 188.73770747754045, "count": 5, "nb_steps": 13000, "test_reward_min": 82.6078916191915, "test_reward_ave": 88.3620065874321, "test_reward_max": 94.46830656538067}
{"time": 1648.6663193702698, "reward_min": 149.3266684670719, "reward_ave": 166.2428031405011, "reward_max": 188.77207577377175, "count": 5, "nb_steps": 14000, "test_reward_min": 96.19728912202034, "test_reward_ave": 161.1507838180224, "test_reward_max": 189.06964887222452}
{"time": 1773.9258320331573, "reward_min": 177.2658074665551, "reward_ave": 182.11772596269466, "reward_max": 188.6227682692319, "count": 5, "nb_steps": 15000, "test_reward_min": 70.55952336404201, "test_reward_ave": 113.5815355933125, "test_reward_max": 198.85773186985202}
{"time": 1899.8762695789337, "reward_min": 140.738844104296, "reward_ave": 168.34096673255354, "reward_max": 188.25571050145246, "count": 5, "nb_steps": 16000, "test_reward_min": 99.34260013077154, "test_reward_ave": 173.96026013477228, "test_reward_max": 188.97416122322423}
{"time": 2026.1035726070404, "reward_min": 164.92406171145964, "reward_ave": 178.97548554930827, "reward_max": 188.50765239002845, "count": 5, "nb_steps": 17000, "test_reward_min": 77.74529572523055, "test_reward_ave": 143.61640113490833, "test_reward_max": 199.8153663181204}
{"time": 2152.7658240795135, "reward_min": 177.23805987693277, "reward_ave": 186.4608237628398, "reward_max": 199.3002419340487, "count": 5, "nb_steps": 18000, "test_reward_min": 176.39533487427383, "test_reward_ave": 187.79678267807927, "test_reward_max": 198.99329702488157}
{"time": 2278.205790758133, "reward_min": 178.05304730501337, "reward_ave": 186.67391413735822, "reward_max": 199.46574128304505, "count": 5, "nb_steps": 19000, "test_reward_min": 177.98940918035413, "test_reward_ave": 185.58336247043408, "test_reward_max": 199.5009519077942}
{"time": 2404.309806585312, "reward_min": 176.757865454544, "reward_ave": 179.33707444418195, "reward_max": 187.48108625640455, "count": 5, "nb_steps": 20000, "test_reward_min": 178.17049792593045, "test_reward_ave": 188.3824353637924, "test_reward_max": 199.63306316624468}
{"time": 2426.38320684433, "reward_min": 0.0, "reward_ave": 0.0, "reward_max": 0.0, "count": 0, "nb_steps": 0, "test_reward_min": 177.55308845332635, "test_reward_ave": 188.31150921569494, "test_reward_max": 199.55630500473066}
