{"time": 1.3113021850585938e-05, "reward_min": 0.0, "reward_ave": 0.0, "reward_max": 0.0, "count": 0, "nb_steps": 0, "test_reward_min": 9.0, "test_reward_ave": 9.9, "test_reward_max": 11.0}
{"time": 8.686036825180054, "reward_min": 8.0, "reward_ave": 15.703125, "reward_max": 42.0, "count": 64, "nb_steps": 1005, "test_reward_min": 8.0, "test_reward_ave": 9.6, "test_reward_max": 11.0}
{"time": 31.262321710586548, "reward_min": 8.0, "reward_ave": 14.083333333333334, "reward_max": 27.0, "count": 72, "nb_steps": 2019, "test_reward_min": 8.0, "test_reward_ave": 9.6, "test_reward_max": 11.0}
{"time": 54.216042280197144, "reward_min": 9.0, "reward_ave": 13.608108108108109, "reward_max": 33.0, "count": 74, "nb_steps": 3026, "test_reward_min": 23.0, "test_reward_ave": 26.7, "test_reward_max": 31.0}
{"time": 77.70768618583679, "reward_min": 8.0, "reward_ave": 15.212121212121213, "reward_max": 33.0, "count": 66, "nb_steps": 4030, "test_reward_min": 11.0, "test_reward_ave": 18.6, "test_reward_max": 27.0}
{"time": 102.35319519042969, "reward_min": 9.0, "reward_ave": 19.0, "reward_max": 59.0, "count": 55, "nb_steps": 5075, "test_reward_min": 16.0, "test_reward_ave": 21.7, "test_reward_max": 28.0}
{"time": 126.35811138153076, "reward_min": 8.0, "reward_ave": 25.3, "reward_max": 96.0, "count": 40, "nb_steps": 6087, "test_reward_min": 28.0, "test_reward_ave": 36.0, "test_reward_max": 67.0}
{"time": 151.83746695518494, "reward_min": 9.0, "reward_ave": 25.121951219512194, "reward_max": 96.0, "count": 41, "nb_steps": 7117, "test_reward_min": 34.0, "test_reward_ave": 45.3, "test_reward_max": 69.0}
{"time": 178.17683339118958, "reward_min": 9.0, "reward_ave": 29.8, "reward_max": 111.0, "count": 35, "nb_steps": 8160, "test_reward_min": 47.0, "test_reward_ave": 94.2, "test_reward_max": 200.0}
{"time": 206.3106391429901, "reward_min": 10.0, "reward_ave": 32.516129032258064, "reward_max": 135.0, "count": 31, "nb_steps": 9168, "test_reward_min": 87.0, "test_reward_ave": 133.3, "test_reward_max": 200.0}
{"time": 237.87175917625427, "reward_min": 11.0, "reward_ave": 37.464285714285715, "reward_max": 126.0, "count": 28, "nb_steps": 10217, "test_reward_min": 62.0, "test_reward_ave": 68.7, "test_reward_max": 76.0}
{"time": 265.046537399292, "reward_min": 10.0, "reward_ave": 31.90625, "reward_max": 82.0, "count": 32, "nb_steps": 11238, "test_reward_min": 77.0, "test_reward_ave": 91.6, "test_reward_max": 107.0}
{"time": 293.50232696533203, "reward_min": 9.0, "reward_ave": 37.44444444444444, "reward_max": 124.0, "count": 27, "nb_steps": 12249, "test_reward_min": 71.0, "test_reward_ave": 78.9, "test_reward_max": 93.0}
{"time": 321.3171970844269, "reward_min": 10.0, "reward_ave": 37.51851851851852, "reward_max": 115.0, "count": 27, "nb_steps": 13262, "test_reward_min": 74.0, "test_reward_ave": 83.6, "test_reward_max": 96.0}
{"time": 351.30031299591064, "reward_min": 10.0, "reward_ave": 43.08, "reward_max": 137.0, "count": 25, "nb_steps": 14339, "test_reward_min": 79.0, "test_reward_ave": 92.7, "test_reward_max": 104.0}
{"time": 380.694087266922, "reward_min": 11.0, "reward_ave": 32.875, "reward_max": 89.0, "count": 32, "nb_steps": 15391, "test_reward_min": 85.0, "test_reward_ave": 97.8, "test_reward_max": 111.0}
{"time": 411.5751314163208, "reward_min": 12.0, "reward_ave": 39.51851851851852, "reward_max": 99.0, "count": 27, "nb_steps": 16458, "test_reward_min": 87.0, "test_reward_ave": 94.5, "test_reward_max": 117.0}
{"time": 441.1102159023285, "reward_min": 16.0, "reward_ave": 63.8125, "reward_max": 123.0, "count": 16, "nb_steps": 17479, "test_reward_min": 67.0, "test_reward_ave": 74.8, "test_reward_max": 88.0}
{"time": 469.2313916683197, "reward_min": 12.0, "reward_ave": 48.095238095238095, "reward_max": 109.0, "count": 21, "nb_steps": 18489, "test_reward_min": 55.0, "test_reward_ave": 60.0, "test_reward_max": 67.0}
{"time": 496.392338514328, "reward_min": 10.0, "reward_ave": 37.925925925925924, "reward_max": 88.0, "count": 27, "nb_steps": 19513, "test_reward_min": 74.0, "test_reward_ave": 79.7, "test_reward_max": 86.0}
{"time": 525.080557346344, "reward_min": 14.0, "reward_ave": 56.333333333333336, "reward_max": 115.0, "count": 18, "nb_steps": 20527, "test_reward_min": 68.0, "test_reward_ave": 74.9, "test_reward_max": 89.0}
{"time": 554.6043510437012, "reward_min": 14.0, "reward_ave": 51.0, "reward_max": 90.0, "count": 21, "nb_steps": 21598, "test_reward_min": 84.0, "test_reward_ave": 98.2, "test_reward_max": 117.0}
{"time": 584.1839821338654, "reward_min": 14.0, "reward_ave": 56.111111111111114, "reward_max": 145.0, "count": 18, "nb_steps": 22608, "test_reward_min": 79.0, "test_reward_ave": 89.9, "test_reward_max": 98.0}
{"time": 612.8759281635284, "reward_min": 10.0, "reward_ave": 77.15384615384616, "reward_max": 143.0, "count": 13, "nb_steps": 23611, "test_reward_min": 92.0, "test_reward_ave": 98.3, "test_reward_max": 109.0}
{"time": 643.0156586170197, "reward_min": 20.0, "reward_ave": 102.6, "reward_max": 148.0, "count": 10, "nb_steps": 24637, "test_reward_min": 91.0, "test_reward_ave": 102.1, "test_reward_max": 117.0}
{"time": 673.6268644332886, "reward_min": 28.0, "reward_ave": 78.61538461538461, "reward_max": 168.0, "count": 13, "nb_steps": 25659, "test_reward_min": 107.0, "test_reward_ave": 122.8, "test_reward_max": 139.0}
{"time": 704.8946013450623, "reward_min": 20.0, "reward_ave": 81.76923076923077, "reward_max": 142.0, "count": 13, "nb_steps": 26722, "test_reward_min": 91.0, "test_reward_ave": 109.7, "test_reward_max": 126.0}
{"time": 737.1616728305817, "reward_min": 10.0, "reward_ave": 69.06666666666666, "reward_max": 176.0, "count": 15, "nb_steps": 27758, "test_reward_min": 110.0, "test_reward_ave": 130.0, "test_reward_max": 150.0}
{"time": 768.5694446563721, "reward_min": 32.0, "reward_ave": 104.4, "reward_max": 148.0, "count": 10, "nb_steps": 28802, "test_reward_min": 134.0, "test_reward_ave": 164.5, "test_reward_max": 200.0}
{"time": 802.7506833076477, "reward_min": 14.0, "reward_ave": 106.8, "reward_max": 200.0, "count": 10, "nb_steps": 29870, "test_reward_min": 95.0, "test_reward_ave": 110.4, "test_reward_max": 124.0}
{"time": 834.0621402263641, "reward_min": 32.0, "reward_ave": 98.27272727272727, "reward_max": 148.0, "count": 11, "nb_steps": 30951, "test_reward_min": 144.0, "test_reward_ave": 167.7, "test_reward_max": 200.0}
{"time": 867.1759867668152, "reward_min": 13.0, "reward_ave": 93.54545454545455, "reward_max": 169.0, "count": 11, "nb_steps": 31980, "test_reward_min": 117.0, "test_reward_ave": 135.7, "test_reward_max": 156.0}
{"time": 900.3169484138489, "reward_min": 10.0, "reward_ave": 94.81818181818181, "reward_max": 188.0, "count": 11, "nb_steps": 33023, "test_reward_min": 128.0, "test_reward_ave": 145.6, "test_reward_max": 166.0}
{"time": 932.2459337711334, "reward_min": 10.0, "reward_ave": 102.1, "reward_max": 200.0, "count": 10, "nb_steps": 34044, "test_reward_min": 123.0, "test_reward_ave": 147.0, "test_reward_max": 176.0}
{"time": 966.7291367053986, "reward_min": 12.0, "reward_ave": 95.33333333333333, "reward_max": 174.0, "count": 12, "nb_steps": 35188, "test_reward_min": 131.0, "test_reward_ave": 148.0, "test_reward_max": 171.0}
{"time": 998.5289750099182, "reward_min": 50.0, "reward_ave": 102.0, "reward_max": 173.0, "count": 10, "nb_steps": 36208, "test_reward_min": 126.0, "test_reward_ave": 137.9, "test_reward_max": 148.0}
{"time": 1032.2934787273407, "reward_min": 15.0, "reward_ave": 97.0, "reward_max": 174.0, "count": 11, "nb_steps": 37275, "test_reward_min": 129.0, "test_reward_ave": 136.6, "test_reward_max": 145.0}
{"time": 1063.1831984519958, "reward_min": 12.0, "reward_ave": 91.54545454545455, "reward_max": 155.0, "count": 11, "nb_steps": 38282, "test_reward_min": 130.0, "test_reward_ave": 149.0, "test_reward_max": 167.0}
{"time": 1095.620545387268, "reward_min": 10.0, "reward_ave": 81.15384615384616, "reward_max": 159.0, "count": 13, "nb_steps": 39337, "test_reward_min": 151.0, "test_reward_ave": 164.4,